slug,question,category,clarity,clarity_reasons,mid,best_ask,best_bid,spread,volume,liquidity_clob,hours_to_close,event_sub_count,resolution_source,end_date,market_id,condition_id,yes_token,no_token,yes_outcome,no_outcome,rank_score
will-trump-declare-war-on-iran-by-april-30-2026,"Will Trump declare war on Iran by April 30, 2026?",behavior,2,has description; uses 'official',0.0125,0.015,0.01,0.005,354235,27251,209.6,1,,2026-04-30T00:00:00Z,1707608,0x8ed9ef25fbd07f6447cf8677b825b333df5daf684c95cbea6570e079b952b642,18337915609156849620172944455823304573671390963539388163813140098229504454173,96600626499364189018695440018398186489690450756307363905137065589194563659166,Yes,No,9.0
will-donald-trump-announce-that-the-united-states-blockade-of-the-strait-of-hormuz-has-been-lifted-by-april-30-2026-731,"Will Donald Trump announce that the United States blockade of the Strait of Hormuz has been lifted by April 30, 2026?",behavior,2,has description; uses 'official',0.605,0.62,0.59,0.03,340273,33702,209.6,3,,2026-04-30T00:00:00Z,1961415,0xe31a6c763685129123cb6a0f729bfce04b768c5a22cb09c5610406df1a302465,52362237758244131007266450909467103020831932461982376471839200028772278583671,112200864320535558960472729310742116804661502809704946938605207241942122130498,Yes,No,9.0
us-announces-military-support-of-iran-oppostion-by-april-30,US announces military support of Iran opposition by April 30?,behavior,2,has description; uses 'official',0.032,0.037,0.027,0.01,228285,34302,209.6,1,,2026-04-30T00:00:00Z,1707593,0x98c1246f7cfc5c63ba30e7d71ce93144f56e96e374dcb0bbe36d022df8cd89e6,1567167842818009619389999003730661487645783318517085620753933899571299990303,60979702663474445095415304561334679281316269684184116144348743092258721606404,Yes,No,8.5657
white-house-of-tweets-april-17-april-24-2026-80-99,"Will White House post 80-99 posts from April 17 to April 24, 2026?",behavior,4,has resolution URL; has description; negRisk format,0.005,0.009,0.001,0.008,14100,2348,81.6,1,https://x.com/WhiteHouse,2026-04-24T16:00:00Z,1976917,0x87e9524af2200ef5220bd208d8e144f18a7138b933a06824e4da307d7a523d94,91255341712115920147475838345523162446515126370973517101796768902417208750041,55715199464751259472901515384376079484865795292866454546998168923193490259735,Yes,No,8.282
will-trump-visit-north-korea-by-april-30,Will Trump visit North Korea by April 30?,behavior,2,has description; uses 'official',0.0035,0.005,0.002,0.003,137826,16261,209.6,1,,2026-04-30T00:00:00Z,1386649,0x80ee1343459d8d47b2ce760546ea176d3924f8429ad32fd768d4bfbf8ea3dae3,18560270834047993784064289352064312009894663548047481854815090686542592580455,93200273682134791558002164377381623533810069332188054051048047965713102023554,Yes,No,6.75652
will-trump-visit-pakistan-by-april-30-143,Will Trump visit Pakistan by April 30?,behavior,2,has description; uses 'official',0.18,0.19,0.17,0.02,115792,14097,209.6,2,,2026-04-30T00:00:00Z,2008302,0xc53e7b31acb5808dc9d06785c5ada0c2dbee9ca46b3eca2ca18fc2745aa716a5,105942155422626579033279103084843442767207942750940244551384037445017527968042,73729813496682519995429532676438369547218888156132843164838151809775349287580,Yes,No,6.31584
will-trump-praise-allah-again-by-april-30,Will Trump praise Allah again by April 30?,behavior,2,has description; uses 'official',0.19,0.2,0.18,0.02,25666,18960,209.6,1,,2026-04-30T00:00:00Z,1970302,0x17af003e13cafac7012ce86bae59af936cc2304249cf63b6fc718a30dbf9e892,95494040375155386257989968108024920797620023596147861545959528903805922468689,42390708770802471687586644459883866667891784888750768929392690891311424938185,Yes,No,4.51332
trump-ballroom-project-unblocked-by-april-30,Trump ballroom project unblocked by April 30?,behavior,2,has description; uses 'official',0.011,0.015,0.007,0.008,22156,7944,209.6,1,,2026-04-30T00:00:00Z,1817695,0x6577cd461cbe4555e2a8b47e4199e2c8fe08c5ee4574a7c921e74e64c2d64035,45543657869929240537004637623420238468651853203077901190948477861469769364569,80798549741802134231141512067122912695799993151910688261090383208421854064146,Yes,No,4.44312
pete-hegseth-out-as-secretary-of-defense-by-april-30,Pete Hegseth out as Secretary of Defense by April 30?,crypto,2,has description; uses 'official',0.0265,0.027,0.026,0.001,588729,34610,209.6,1,,2026-04-30T00:00:00Z,1651389,0x3b6e28dcff1d4cfed3e169baefd383fb2ac39698d695baaf9eeb73f0e83cd6f0,17676859136871657226753099884028896193680044472567230594554723669395365655589,115339293708941779894323192808127516182133622549669627748984810719782897705721,Yes,No,9.0
deepseek-v4-released-by-april-30-896,DeepSeek V4 released by April 30?,earnings,2,has description; uses 'official',0.765,0.77,0.76,0.01,217503,17586,209.6,2,,2026-04-30T00:00:00Z,1797301,0xe5883e093e642062acb19820d91429ecd1d00ccb9011ac2f595dfd2cb8f40dc5,26167789380853684730316056161545101410802668361832215888905419607657200767,79590522112611711608014031019864017819635966124625677192209526412944623715114,Yes,No,8.35006
will-the-devil-wears-prada-2-opening-weekend-box-office-be-greater-than-100m,"Will ""The Devil Wears Prada 2"" Opening Weekend Box Office be greater than 100m?",entertainment,5,has resolution URL; has description; uses 'official'; negRisk format,0.175,0.19,0.16,0.03,19093,7642,317.6,1,https://www.the-numbers.com/,2026-05-04T12:00:00Z,1928072,0x6c2c7effd44d8f8fdbe4c21a8cff81608109832750b007d0cad2c86b75db1033,9384388782969521444101931150571121548523228237036014313966162708799047578266,91708722154527600517888575872739758124713477647665560240360868564768920082887,Yes,No,10.38186
will-michael-opening-weekend-box-office-be-greater-than-80m,"Will ""Michael"" Opening Weekend Box Office be greater than 80m?",entertainment,5,has resolution URL; has description; uses 'official'; negRisk format,0.755,0.77,0.74,0.03,15741,5746,149.6,1,https://www.the-numbers.com/,2026-04-27T12:00:00Z,1930937,0xa6476a06c1458028d5923d3e1c72d4dcd98122747f335101f3408f5c08aa22ca,83575063519652606081736180872089821200404186686957525107442990379219256668719,99274712518349106671583908865231163506573192562676785464546122967928186916998,Yes,No,10.31482
bun-mai-bay-2026-04-25-bay,Will FC Bayern München win on 2026-04-25?,other,5,has resolution URL; has description; uses 'official'; negRisk format,0.61,0.62,0.6,0.02,56997,52014,103.1,1,https://www.bundesliga.com/en/bundesliga,2026-04-25T13:30:00Z,1953328,0xb889fc590a72dac1d6078a73d97dda7adc10831237b8b8de73f58c6fb5c8478f,4679132063084290723478070155479289138913760219277562792617225238601926455535,34440214647831606209271014480792314554873955169531801789311456390182281092027,Yes,No,11.13994
fl1-tou-asm-2026-04-25-asm,Will AS Monaco FC win on 2026-04-25?,other,5,has resolution URL; has description; uses 'official'; negRisk format,0.465,0.47,0.46,0.01,45070,539711,108.7,1,https://www.ligue1.com/,2026-04-25T19:05:00Z,1953323,0x78ab7490f7151ef44386bea858393993d75d1fa7e41cc5010e2371a9f2697c13,35169978600177692488813338658779752383000336735587862067002142317794503999229,50821903273834399150871742228045925321516345505664810991427126420623253072106,Yes,No,10.9014
lal-ovi-vil-2026-04-23-vil,Will Villarreal CF win on 2026-04-23?,other,5,has resolution URL; has description; uses 'official'; negRisk format,0.465,0.47,0.46,0.01,41277,617572,61.1,1,https://www.laliga.com/,2026-04-23T19:30:00Z,1934257,0xc3acdcbd4ea52e8b457d0aab462f94ad50ef361985739dc4c6e0dbf5a5f37ac8,34981021308480704578221202407934542693198358558264372272529129067103037469432,59710276996603132335547251791835882361466079837933300870486302647403664370149,Yes,No,10.82554
lal-ray-esp-2026-04-23-ray,Will Rayo Vallecano de Madrid win on 2026-04-23?,other,5,has resolution URL; has description; uses 'official'; negRisk format,0.455,0.46,0.45,0.01,37492,632128,59.6,1,https://www.laliga.com/,2026-04-23T18:00:00Z,1934248,0x3a31135e0e198862fcbb3e6d7e94d6480f307b355ea6db5fe5878822b8fa87b1,113841169111814828937342374614914824551812293698650693429462983957815439794367,11854862227460930394240380723822190923921040701159428768619215004504768508831,Yes,No,10.74984
elc-sot-ips-2026-04-03-draw,Will Southampton FC vs. Ipswich Town FC end in a draw?,other,5,has resolution URL; has description; uses 'official'; negRisk format,0.3025,0.305,0.3,0.005,26047,1489,170.3,2,https://www.efl.com/,2026-04-28T08:45:00Z,1520677,0xec12109d876ea514568d27dd4e072d91a5a146c1c4c3889b3c70df2738be4d99,40809604662521114691966532122426341884725496329178789183269487441397911964017,57264856910445592955331378955120358312679462472975431908812122619873581085281,Yes,No,10.52094
lal-lev-sev-2026-04-23-sev,Will Sevilla FC win on 2026-04-23?,other,5,has resolution URL; has description; uses 'official'; negRisk format,0.315,0.32,0.31,0.01,17473,705044,58.6,1,https://www.laliga.com/,2026-04-23T17:00:00Z,1934243,0x69636194fbf82f6310612be8fdc290b3a48d1a89a83568b91e4e517c70416bd8,57803252431225186899419009211788447094168717925140408687845440384396249651583,7702700225197307350899987293028589509254677205548745221359126685358938775028,Yes,No,10.34946
bun-lei-uni-2026-04-24-lei,Will RB Leipzig win on 2026-04-24?,other,5,has resolution URL; has description; uses 'official'; negRisk format,0.72,0.73,0.71,0.02,13759,25971,84.1,1,https://www.bundesliga.com/en/bundesliga,2026-04-24T18:30:00Z,1943695,0xfa544c3e2b0e6e658236bb28fa9a0466a5c58c8dadf325c323eb759adba7cebb,62387523423877183154514285918920772484523902453925290304492307292909105650620,93067558251180752379245818013658176225470864897773709179945267882251522123180,Yes,No,10.27518
bun-hsv-hof-2026-04-25-hof,Will TSG 1899 Hoffenheim win on 2026-04-25?,other,5,has resolution URL; has description; uses 'official'; negRisk format,0.535,0.54,0.53,0.01,10687,561667,106.1,1,https://www.bundesliga.com/en/bundesliga,2026-04-25T16:30:00Z,1953345,0xb504b972fdfc509b95105bf7b2d919191f06fa19f487a953297b3d21ccf0cef4,5495528798550268845800923120822538300641311883936756401846626162286331191374,102467782678158101355838294884562516581251436594028934802180255007781293281230,Yes,No,10.21374
efa-cfc-lee-2026-04-25-cfc,Will Chelsea FC win on 2026-04-25?,other,5,has resolution URL; has description; uses 'official'; negRisk format,0.52,0.53,0.51,0.02,10078,243526,103.6,1,https://www.thefa.com/competitions/thefacup,2026-04-25T14:00:00Z,1893837,0xf303efb60101e394d8929b185732f84190f66d33a05afa619958dc6c0bb0979c,60919236158969104637781542703408298053905760264925529375426023253021343820459,28126905995029075746801290885704292820486462035864468711387109309902749843741,Yes,No,10.20156
netanyahu-out-by-april-30,Netanyahu out by April 30?,other,2,has description; uses 'official',0.0065,0.007,0.006,0.001,8261026,222135,209.6,3,,2026-04-30T00:00:00Z,1632763,0xb37e5f6ece2db9165517b62e3257e0da5d3e79713883cb71c74013fe912e8a4d,94971791649616758046979838862595479708845542618213971624131398549272319500007,23817979944211394691334587934704165710302136064023445337739699893544600634387,Yes,No,9.0
russia-x-ukraine-ceasefire-by-april-30-2026,"Russia x Ukraine ceasefire by April 30, 2026?",other,2,has description; uses 'official',0.0095,0.01,0.009,0.001,7442466,128631,209.6,1,,2026-04-30T00:00:00Z,1439560,0x7434b22007745d99095c102119fdb6b975d34869212e9dda4c6c5c48db0683a7,49104850284632622899464724213962069238178748191343145680035482303540284145930,32509811268907189614687992216888444066936299378006345784007012748724037421351,Yes,No,9.0
will-israel-launch-a-ground-operation-in-iran-by-april-30-2026,"Will Israel launch a ground operation in Iran by April 30, 2026?",other,2,has description; uses 'official',0.048,0.054,0.042,0.012,540769,20951,209.6,2,,2026-04-30T00:00:00Z,1628449,0x0b99844286b27cd3eca1764d1699d72be941500be9930450faff1d6f25d0eda0,49638760706041335078592843261785480064925646860007306280048938944032918353296,90784620555498009536953801629978285005124604400438910385456075729528821507374,Yes,No,9.0
will-another-country-conduct-military-action-against-iran-by-april-30-2026,"Will another country conduct military action against Iran by April 30, 2026?",other,2,has description; uses 'official',0.09,0.1,0.08,0.02,460576,37591,209.6,2,,2026-04-30T00:00:00Z,1641032,0x9a8757bf4ecee8ba364603c3195d63c37c4d2700b69f8e4c5f751850bc330c9a,34326167000070763607237385728981202142045743684217811488054767471626770511481,73786232036661654657932674433457177929337819439338773393382320313453969870925,Yes,No,9.0
us-obtains-iranian-enriched-uranium-by-april-30,US obtains Iranian enriched uranium by April 30?,other,2,has description; uses 'official',0.0225,0.024,0.021,0.003,429860,146979,209.6,3,,2026-04-30T00:00:00Z,2006982,0xd87a0ee5367e38072ac013e99035672125fee3a3f4446f0389fe806e42e3e42e,41096062945098111823949933488606080240606740976160051684644447840115341135428,107954094694031491419426961086575608232833931530777814045947373328458211979429,Yes,No,9.0
will-a-gulf-state-carry-out-military-action-against-iran-by-april-30-2026,"Will a Gulf State carry out military action against Iran by April 30, 2026?",other,2,has description; uses 'official',0.08,0.09,0.07,0.02,373448,41022,209.6,1,,2026-04-30T00:00:00Z,1722477,0x8a4e2896a318755e419acbeb8f5896ce06715fd2e5ebf35c27602a51b1a891b0,12725228216232659927260200422388843865897455065619986459222807494907250144402,31177560426856763909235978620884135575991207976286107340700431110159040437000,Yes,No,9.0
will-us-withdraw-from-nato-by-april-30-583-663,Will US withdraw from NATO by April 30?,other,2,has description; uses 'official',0.0095,0.01,0.009,0.001,3678108,191501,209.6,3,,2026-04-30T00:00:00Z,1820098,0x74d91fa19bbdae4b7afba167f3d297d7c135d87053b1433d1d71d966da64550b,37339243082539902522082782554938254122014865577420153623737376649900671604414,63428747946757965627623127875457196319778634309655676387245933195406610492581,Yes,No,9.0
crude-oil-all-time-high-by-april-30,Crude Oil all time high by April 30?,other,2,has description; uses 'official',0.0265,0.028,0.025,0.003,327776,67043,209.6,1,,2026-04-30T00:00:00Z,1797770,0xdb7160b3dd09ea1ec2bba1875256305ce08e63409bb65024c0d1b2f833ae1342,8472237477603524361163391714262457532711782703462707533041831836599948336843,6532065038074852169977568453230387141042787497132513241225472572084634089576,Yes,No,9.0
mojtaba-khamenei-leaves-iran-by-april-30-2026,"Mojtaba Khamenei leaves Iran by April 30, 2026?",other,2,has description; uses 'official',0.014,0.015,0.013,0.002,256684,30974,209.6,2,,2026-04-30T00:00:00Z,1552201,0x12e3cc1640a58ee52e0ce2237c95ffefb7f543d65c0061043f23c803b215f099,70870654363116634142903170873464145965629451055364746669914617568558201989337,112051630887324296511779245946018669657625458064408695733265875686399168693155,Yes,No,9.0
iran-agrees-to-surrender-enriched-uranium-stockpile-by-april-30-2026,"Iran agrees to surrender enriched uranium stockpile by April 30, 2026?",other,2,has description; uses 'official',0.201,0.202,0.2,0.002,1548397,77507,209.6,3,,2026-04-30T00:00:00Z,1731344,0x5d37825716832a4a54f89450932e89510f26cf4be59aeec3149d2c49e5fdf44d,106220853378183696641226754443875866363184608965104019427770764978887400913119,37726096291033755960138434480309842752392906581303110222866737197011090444316,Yes,No,9.0
iran-agrees-to-end-enrichment-of-uranium-by-april-30,Iran agrees to end enrichment of uranium by April 30?,other,2,has description; uses 'official',0.326,0.329,0.323,0.006,1401977,32327,209.6,1,,2026-04-30T00:00:00Z,1515492,0xe6939069d36ad63a9f7fcafa91b627a3f373a3264ab0347c1a5e042c5f7d1f08,59937347564572872290316062672979454904942576853251346531585432029105806826906,45597711622387912219653444276103986294074055793579848443843157909150342449647,Yes,No,9.0
will-claude-5-be-released-by-april-30-2026,"Will Claude 5 be released by April 30, 2026?",other,2,has description; uses 'official',0.0105,0.012,0.009,0.003,1251030,26918,209.6,3,,2026-04-30T00:00:00Z,1363116,0x3acb42d4a4da859a82ec3c78e6be641489985672ea7f28ae73da7c253af32fa8,11966409881281293602137861492007400834690026843003461391578987664208256196909,82209590231779792807676037257243155247666516740634978111740493772421161050494,Yes,No,9.0
kharg-island-no-longer-under-iranian-control-by-april-30-912,Kharg Island no longer under Iranian control by April 30?,other,2,has description; uses 'official',0.0825,0.083,0.082,0.001,12085432,100613,233.5,3,,2026-04-30T23:55:00Z,1611267,0xa78ecba9c4273564cce4b810db46bb36cc35db9cd52fc4e067c77f85af1c1048,66760013958706218500063341242954853503885044406421636173986330736153883161818,15589749219518581780498663260935033750904904134256892110326788769484848745555,Yes,No,9.0
cricipl-sun-del-2026-04-21,Indian Premier League: Sunrisers Hyderabad vs Delhi Capitals,other,4,has resolution URL; has description; uses 'official',0.525,0.53,0.52,0.01,31504,3161254,171.6,1,https://www.espncricinfo.com/,2026-04-28T10:00:00Z,1981948,0xd41eb0fded36a8cba2aabe8479640a31237fa34d1cbec37b055f71603454ea2c,97993387429885580606362120312086527159525797874512102308707305257405959881007,89199134316096779832130358477274763727814665626832589928801700159161639214984,Sunrisers Hyderabad,Delhi Capitals,8.63008
iran-agrees-to-unrestricted-shipping-through-hormuz-in-april,Iran agrees to unrestricted shipping through Hormuz in April?,other,2,has description; uses 'official',0.22,0.23,0.21,0.02,229787,20879,209.6,1,,2026-04-30T00:00:00Z,1983797,0x3e1363efbf76899943f61797d0ffc2de5c47a716e2ec66189f45ab65b28078f9,50460390339300670089294807389957154258823890126698777814350873553805417631623,96845238758981406365479447960619751336939626600333396202677357127195729369588,Yes,No,8.59574
israel-strike-on-yemen-by-april-30-2026-212-911,"Israel strike on Yemen by April 30, 2026?",other,2,has description; uses 'official',0.106,0.117,0.095,0.022,221905,13577,209.6,3,,2026-04-30T00:00:00Z,1641497,0xb7dfd4e3da4055435f1db97db441391729df4a9e4b41b5f6d0212fc490eb5445,97502225604188679731910255142329798475400025079543823690880164148891433611299,30561980169268678819735256982225694704116127378508623571936660192492766073388,Yes,No,8.4381
nvda-above-150-on-april-30-2026,Will NVIDIA (NVDA) close above $150 end of April?,other,4,has resolution URL; has description; uses 'official',0.9825,0.989,0.976,0.013,12926,4330,229.6,1,https://finance.yahoo.com/quote/NVDA/history,2026-04-30T20:00:00Z,1748265,0xa8824072eb9dc65b81e3e0a600b1191fce113244c0470556b381cc59266dbec2,37268061501387589524516321201676704777345126043921884066256870188131630436370,34047273961670147397449900269056708651348248780625809721226470370567219705840,Yes,No,8.25852
lal-ovi-vil-2026-04-23-total-2pt5,Real Oviedo vs. Villarreal CF: O/U 2.5,other,4,has resolution URL; has description; uses 'official',0.485,0.49,0.48,0.01,11466,297760,61.1,1,https://www.laliga.com/,2026-04-23T19:30:00Z,1934534,0x17bf08a728d7c1180d9b19ae3bab9012b6093495ab76e5b303b430762413e3e8,105751710315544908348732234821923828700400798538575292278199184473092814036821,82115252135245078466794287763051709372546436105474264879943170422428783132796,Over,Under,8.22932
save-act-becomes-law-by-april-30-2026,"SAVE Act becomes law by April 30, 2026?",other,2,has description; uses 'official',0.006,0.007,0.005,0.002,208765,13045,209.6,2,,2026-04-30T00:00:00Z,1553247,0x9148eb8fb285bd788ae88d8829899cb9a69e837136d942b91574d5cb21d96972,43005362793985406957098692547842368839588476150599307038323863476447171269608,25618684230794053140529911333113627976061030137757763256165902192069490732313,Yes,No,8.1753
naim-qassem-out-as-hezbollahs-secretary-general-by-april-30-2026,"Naim Qassem out as Hezbollah’s secretary-general by April 30, 2026?",other,2,has description; uses 'official',0.058,0.068,0.048,0.02,203757,19510,209.6,2,,2026-04-30T00:00:00Z,1795678,0xaaa6ee3092e91a716564958798cbdda7c0a4eb7bac578e726182810007f78fbb,41504936186126564462275139997532100703542640913268239675596349112690992674878,102458875832755775221323303474434091694976786200665082400236699233250808321018,Yes,No,8.075140000000001
will-a-claude-mythos-model-be-released-by-april-30-2026-817-186,"Will a Claude Mythos model be released by April 30, 2026?",other,2,has description; uses 'official',0.0115,0.013,0.01,0.003,202986,19436,209.6,2,,2026-04-30T00:00:00Z,1743767,0xf79fa1e99b1a05dbe15117bd5d9d3bee53f4a8cc7a0f4c6592f3fa6d27604b7f,64606628820815196254917251659620042423429278597210534408824693851180526293872,63567788948928777053113956485140643549007102933912677071504074553932518150843,Yes,No,8.05972
will-israel-strike-4-countries-in-april-2026,Will Israel strike ≥4 countries in April 2026?,other,3,has description; uses 'official'; negRisk format,0.045,0.05,0.04,0.01,45526,22198,209.6,3,,2026-04-30T00:00:00Z,1706221,0x0ad08cab7fb310932104eb5524279673b9b758811b73cd42839974893f797161,27049309005895655063592237443799982243230419507147318549676930260689694687780,21592054333046486593707777634907709486260989476511754033097339932561145449368,Yes,No,6.91052
will-israel-strike-3-countries-in-april-2026,Will Israel strike 3 countries in April 2026?,other,3,has description; uses 'official'; negRisk format,0.15,0.16,0.14,0.02,33401,15000,209.6,3,,2026-04-30T00:00:00Z,1706220,0x0e9713d5dd3893d45e88fb98fd832d6e5bab0ad0b704fee688f273b64331b044,1584373619402388534546398188573400728790982254090971567482855721652664175448,78343176461254291205668834662765002107740619909137856027695745725608744093706,Yes,No,6.66802
will-israel-strike-2-countries-in-april-2026,Will Israel strike 2 countries in April 2026?,other,3,has description; uses 'official'; negRisk format,0.79,0.8,0.78,0.02,30855,9976,209.6,3,,2026-04-30T00:00:00Z,1706219,0xf4c8bd96ef1c9793e41acce48478201f639b6ca6bc86fbbe8ba7506c3a431f87,101093327686448464110183671771563051462080170785757555934209501759423413777730,65703348544930402416866232095267793623498402684237749423085609336892644392524,Yes,No,6.6171
will-the-central-bank-of-colombia-announce-a-decrease-at-the-april-meeting,Will the Central Bank of Colombia announce a decrease at the April meeting?,other,3,has description; uses 'official'; negRisk format,0.013,0.014,0.012,0.002,29076,2385,209.6,2,,2026-04-30T00:00:00Z,1301502,0x3e85038631d4bade028ea78fe9ab06f8fa825d21ad72fe34efab7c028ed66b05,97875918832104492429867073219501836736817184678305861477524350401984879336353,68720459603625284666943385408099964022575508709643801665175988656221396253438,Yes,No,6.58152
will-googl-reach-400-in-april,Will Google reach $400 in April?,other,3,has resolution URL; has description,0.012,0.014,0.01,0.004,26611,2528,237.6,2,https://finance.yahoo.com/quote/GOOGL/,2026-05-01T03:59:59.999Z,1542552,0xcf3254930341a17b6741b917377c39851f4e71eeece8aa125b20a3c15d80ad5a,26206220781167095130014264646587387147603789290601542452798086660033071222243,61003400370706596852980143644874677946345285312549732892567862740326189681224,Yes,No,6.53222
us-announces-military-support-of-kurds-in-iran-by-april-30,US announces military support of Kurds in Iran by April 30?,other,2,has description; uses 'official',0.029,0.034,0.024,0.01,124035,20955,209.6,1,,2026-04-30T00:00:00Z,1763610,0xe051d1d70197f7e493c9c2421b8352f5c1be856c5ceea5014a461e8a7581b5c2,13703677084433240180427122463020613342295220875189558844491524739839557957517,62917675950777934769512860462891828658144993645862656073292383218669577284751,Yes,No,6.480700000000001
will-usdai-launch-a-token-on-april-21,Will USD.AI launch a token on April 21?,other,3,has description; uses 'official'; negRisk format,0.981,0.984,0.978,0.006,22690,4311,237.6,1,,2026-05-01T04:00:00Z,1861150,0x14e1d43879c68dd46f827fd0a1bd19db978fadf73238cf8fc02405cd66dafe98,45607099666154377415824451835115063457824599185765245677309064969523238078811,14780600584549539811584083183796459244084775533557890179055248991307641295246,Yes,No,6.4538
tulsi-gabbard-out-by-april-30,Tulsi Gabbard out by April 30?,other,2,has description; uses 'official',0.05,0.06,0.04,0.02,120008,28288,209.6,2,,2026-04-30T00:00:00Z,1691769,0x31be58a5780abf7897b399ebede662425fa469b0331bf5dc347d734bdbe9b303,80311603726042038016961014897769945422217990037398468701687364638741230613498,45014062824579200301009664451906941819568159028739839901511062690371186349811,Yes,No,6.40016
will-tsla-reach-555-in-april,Will Tesla reach $555 in April?,other,3,has resolution URL; has description,0.005,0.006,0.004,0.002,17637,8636,237.6,2,https://finance.yahoo.com/quote/TSLA/,2026-05-01T03:59:59.999Z,1542610,0xea401634ff13822ef5fafb067aa68cf43a133ac0458d4ec0a66b804ac81eb25c,63475678014921272375006976308358620400622414998257578762463603195462318204550,19907504904089764366818132801712384193665915178255910656770114901556210226243,Yes,No,6.35274
will-tsla-dip-to-285-in-april,Will Tesla dip to $285 in April?,other,3,has resolution URL; has description,0.029,0.047,0.011,0.036,14385,8490,237.6,2,https://finance.yahoo.com/quote/TSLA/,2026-05-01T03:59:59.999Z,1542645,0xe73e1e85df66fe3bec24ff2326f2a5327604be6ceb7df608f8e5f9cb17591b58,31041348711571553552917208320836354365693989291705898435478703333960552375147,9651669450368789230251632059934468222366667850737345570271052268199619201569,Yes,No,6.2877
will-eric-conroy-be-the-republican-nominee-for-oh-01,Will Eric Conroy be the Republican nominee for OH-01?,other,3,has description; uses 'official'; negRisk format,0.951,0.97,0.932,0.038,13541,11236,329.6,1,,2026-05-05T00:00:00Z,1731651,0xbd5d1e406ef6afdf1bbf2fe3ccb2b936f3bac9a163a291b58c01cd03d830288d,77091311989455688915872777917115943924115070620608311745613782325831559184273,92286419923537969911376944615418720014446012527284264298641469144145941521167,Yes,No,6.27082
will-amzn-dip-to-168-in-april,Will Amazon dip to $168 in April?,other,3,has resolution URL; has description,0.007,0.011,0.003,0.008,12981,1152,237.6,2,https://finance.yahoo.com/quote/AMZN/,2026-05-01T03:59:59.999Z,1542532,0xd8e4f0021a11b9065ee21995ab9cceb7c75238c8e5e2c3218d6c524194c81091,19832164900136195879251041317177578398273237936305734762847784379800717452499,8608697044811091850329857373240587441141915403196544176158991782956223126270,Yes,No,6.25962
will-iran-sabotage-undersea-internet-cables-by-april-30,Will Iran sabotage undersea internet cables by April 30?,other,2,has description; uses 'official',0.0415,0.044,0.039,0.005,100870,20519,209.6,1,,2026-04-30T00:00:00Z,1691964,0xf8c728188acbf83a516cb43dd3e456e77c7fac0a56d4bc41c9bb6138cdbee093,16810901747784593116727451236298701238429144065780875854351128920026731531598,22941561098601858405552060723417867930144849461360291065600134635274685275414,Yes,No,6.0174
qatarenergy-announcesresumes-lng-production-in-qatar-by-april-30,QatarEnergy announces/resumes LNG production in Qatar by April 30?,other,2,has description; uses 'official',0.315,0.32,0.31,0.01,99103,13779,209.6,1,,2026-04-30T00:00:00Z,1819243,0xf220061c0e83defd413070f97fb55660485ca8540c43be13d9e71082ca2cad57,96351650250139397447438653380483970772060142397849794315678720298272472897874,35215605700679698941732970499634840134674905805412260600160248150702604117291,Yes,No,5.98206
save-act-becomes-law-by-december-31-2026,"SAVE Act becomes law by December 31, 2026?",other,2,has description; uses 'official',0.295,0.3,0.29,0.01,86763,31279,209.6,2,,2026-04-30T00:00:00Z,1553248,0x2bcd1ba3fe74acf827cbccaeefe74214b0cf288faad8aa9654db7525ddeca61b,6481065406228558365238644843443361794127708339263750609499644517192303031538,21878035152449236052312647114155923868942746760210250319896941858011977348427,Yes,No,5.73526
will-hoppers-be-the-march-film-with-the-highest-domestic-gross-on-april-30,Will Hoppers be the March film with the highest domestic gross on April 30?,other,2,has description; negRisk format,0.0025,0.003,0.002,0.001,75144,8021,209.6,2,,2026-04-30T00:00:00Z,1390069,0x5b38cf932b57ce22c4ed2231b6bb2b667c767f50c0dc64242865861b95b79c6c,75084008053816676185355522083683303300559912565059036121837319098462568220524,55822380251702566382905252825921365400099655821905483487971418005096133983832,Yes,No,5.50288
will-gustavo-petro-be-charged-in-the-us-by-april-30,Will Gustavo Petro be charged in the US by April 30?,other,2,has description; uses 'official',0.0055,0.008,0.003,0.005,63033,8781,209.6,1,,2026-04-30T00:00:00Z,1663444,0xee0ed2ea895732981e7c8880302da3edb9a7238c1e00eefc3b05ca2a309109c5,48872355094865625228359634693368699252583684794965591115087662730300025170156,72046499121280019170613663593666156324024077608846782635288300720886107643618,Yes,No,5.26066
will-kim-kardashian-pass-the-bar-exam-by-may-3,Will Kim Kardashian pass the bar exam by May 3?,other,2,has description; uses 'official',0.065,0.08,0.05,0.03,50971,6442,281.6,1,,2026-05-03T00:00:00Z,675435,0xad74ec4c2b537ba1d1c914dee6a9a551136da2bc6706908aa406b028a5ce4849,11919136486006873230016314493356477536899860152738426478109016899949404708107,13807890118856274250052051142746850832347855077322656523151046362399113308927,Yes,No,5.01942
will-a-claude-mythos-model-be-released-by-june-30-2026-684,"Will a Claude Mythos model be released by June 30, 2026?",other,2,has description; uses 'official',0.225,0.23,0.22,0.01,46855,23143,209.6,2,,2026-04-30T00:00:00Z,1744124,0xcfd48c874ae1760c1ec3c87a8c46c221af6a4f2be3b56618ba261bef4c92e768,93852038758452969176074003036702843438676006876443140030859452373731145482196,76970635477754667424100018456526912429407340442732994368256135514445190473532,Yes,No,4.9371
will-a-us-anti-cartel-operation-outside-of-the-united-states-occur-by-april-30-2026-822-284-191,"Will a U.S. anti-cartel operation outside of the United States occur by April 30, 2026?",other,2,has description; uses 'official',0.07,0.08,0.06,0.02,44882,28891,209.6,2,,2026-04-30T00:00:00Z,1608448,0x9ec068d68055cc7e14d82b67da6f8069423ce64d4cd3549aeb50116156a622f0,108615985167451045197781101977391757333251129632219335729531996334265284371112,102259214351098697970169345545116718514059085812691353836602737527136598453397,Yes,No,4.89764
will-bryan-johnson-have-sex-again-this-month,Will Bryan Johnson have sex again this month?,other,2,has description; uses 'official',0.685,0.69,0.68,0.01,44326,6082,209.6,1,,2026-04-30T00:00:00Z,1931059,0xc2e31a1e4e2bcfd366769c2f07bbdecd6a181a61c2113e4bb48cefbe4e0b9b64,41007054421817273498741260096741107652882879151251478340427163412693088979519,57238836530108544571908855327197284892871532461584804158760591044721916672120,Yes,No,4.88652
krg-declares-independence-from-iraq,KRG declares independence from Iraq by April 30?,other,2,has description; uses 'official',0.011,0.014,0.008,0.006,44163,14038,209.6,1,,2026-04-30T00:00:00Z,1515390,0xac87d3a804594eb6b89f5069ccf2f12b6df81aa64e3489925e000cd213674e22,109728283560354782006392876112328830312276491192757904724222125711160313346940,100505859012530996562776610608057366716412692520699418320178654356672757036487,Yes,No,4.88326
will-project-hail-mary-be-the-march-film-with-the-highest-domestic-gross-on-april-30,Will Project Hail Mary be the March film with the highest domestic gross on April 30?,other,2,has description; negRisk format,0.996,0.998,0.994,0.004,35458,10313,209.6,2,,2026-04-30T00:00:00Z,1390070,0xe78936b868c482e6fb472fa25b9a18be3801c89843dbd885f6eb07b960f70fbf,20651346066796318934691511304043785756898173158197227007125473736991399985116,91153563978149609233093687088349594840715780908677560516872335169072793429063,Yes,No,4.70916
iran-removed-from-fifa-world-cup-by-april-30,Iran removed from FIFA World Cup by April 30?,other,2,has description; uses 'official',0.0335,0.043,0.024,0.019,31635,8330,209.6,1,,2026-04-30T00:00:00Z,1707519,0x0b6425132f3834b7ded2a8fb83eb8a24a60574735ab6ed5b57597650adcc071c,69659943619379083497407816236934324561420449509332854133438624028612467192792,79986262607800804084450211761506591059741937707079878894237511228869839078115,Yes,No,4.6327
will-anthropic-have-the-3-ai-model-at-the-end-of-april-2026-style-control-on,Will Anthropic have the #3 AI model at the end of April 2026 (Style Control On)?,other,2,has description; negRisk format,0.705,0.72,0.69,0.03,28669,7860,209.6,1,,2026-04-30T00:00:00Z,1664434,0x9a9f2e581438d70aa64dc664e35d1cc5332c1801cab295c64de719d9feebdd21,104089488239168850519731897210785516881791743723696517593781917938439466913526,9564996165066001038554159636546733476471599669705100943603094291414415884336,Yes,No,4.57338
will-the-weeknd-have-the-second-greatest-number-of-monthly-spotify-listeners-this-month-518,Will The Weeknd have the second-greatest number of monthly Spotify listeners this month?,other,2,has description; negRisk format,0.017,0.022,0.012,0.01,28222,4881,209.6,1,,2026-04-30T00:00:00Z,1705095,0x352a6e088b0c187d78d1948d10b1304eda0e6c24c1fc737696053454d052b0a0,109996114086456072852894085606963502143039144330188220469814304778912755642697,1129447074533683554725264325210381006970148737723636967574515796373054100595,Yes,No,4.56444
another-eu-country-restricts-us-military-aircraft-by-april-30,Another EU country restricts U.S. military aircraft by April 30?,other,2,has description; uses 'official',0.075,0.09,0.06,0.03,27798,22485,209.6,1,,2026-04-30T00:00:00Z,1895465,0x282e1e7ae271cd848896e37834afb93ff5ca81ef374882868f91a85b17b47801,106145623994138214814243374672311977948395255808151699958418419397269794752103,66442042213513575811506596361364065366518953236097091091812900883254710025181,Yes,No,4.55596
us-evacuates-baghdad-embassy-by-april-30,U.S. evacuates Baghdad Embassy by April 30?,other,2,has description; uses 'official',0.033,0.035,0.031,0.004,27100,14115,209.6,1,,2026-04-30T00:00:00Z,1707839,0xddcea0543acff85d8371c70d4b3d86e23ed77823d48fbf7e44a5f9800a86bf70,109670782853247567382206900633056215535234032417090366885590601472671582647172,96298274723311048311475819088973890664469997276346426334479395222994746900662,Yes,No,4.542
will-houthi-military-action-against-saudi-arabia-occur-by-april-30-2026,"Will Houthi military action against Saudi Arabia occur by April 30, 2026?",other,2,has description; uses 'official',0.0665,0.077,0.056,0.021,26120,9692,209.6,1,,2026-04-30T00:00:00Z,1707585,0xb40f6e098f6835ac09aca81187fcc48c4d38db052815d0c6d0969b998ceaabcf,63363348836550098838520315358106201238617714822892534283498417911485186076708,75427949385122153820818644445876366117435246812488972992040057179975087148937,Yes,No,4.5224
will-spacex-have-exactly-14-launches-in-april,Will SpaceX have exactly 14 launches in April?,other,2,has description; negRisk format,0.0035,0.005,0.002,0.003,23421,2632,209.6,3,,2026-04-30T00:00:00Z,1707222,0xe60cdb39032ab11fac2fe2cb210cb209f1c04868ac0183c96ba64fce21a4c4d6,41079535901151950813170512913478650118186651970305217302361854141964367069431,25450500550092195166887769860186573661897750919408762081240551255730234769225,Yes,No,4.46842
houthi-military-action-against-israel-by-april-30-2026-657,"Houthi military action against Israel by April 30, 2026?",other,2,has description; uses 'official',0.125,0.13,0.12,0.01,19612,20239,215.6,1,,2026-04-30T06:00:00Z,1919596,0xd9f9def6bb8024aed77a5197182408dbc673573a49774fea70509cdb0467cd31,8778776458657773227043106544208861689577582831012259966437719320601646036329,38739013249652477114369027461855860991853439210753545213826393444317479132489,Yes,No,4.39224
will-the-criminal-investigation-into-jerome-powell-be-dropped-by-april-30-918,Will the criminal investigation into Jerome Powell be dropped by April 30?,other,2,has description; uses 'official',0.19,0.2,0.18,0.02,19607,4813,209.6,1,,2026-04-30T00:00:00Z,1719240,0xe6770972b8d072a4064980d7105180ed7977361c47570529fd582e6dd3041277,51403696226678951197581898561863796846994016290127405301714285241600263355827,1813882188304265315425412402566836914337100009787276056256788796342030799940,Yes,No,4.39214
will-anthropic-have-the-2-ai-model-at-the-end-of-april-2026-style-control-on,Will Anthropic have the #2 AI model at the end of April 2026 (Style Control On)?,other,2,has description; negRisk format,0.85,0.86,0.84,0.02,19188,6772,209.6,1,,2026-04-30T00:00:00Z,1664380,0xcca580046966603042bf8495f9d8c59c2e6c42156144e252f935567b3e53d03c,69999801295695100141562220570675645957507480301365400573695110098924514313503,21171332042091755496730534528745131752545084494244656139777522397936393849834,Yes,No,4.38376
masoud-pezeshkian-out-by-april-30-427,Masoud Pezeshkian out by April 30?,other,2,has description; uses 'official',0.0125,0.016,0.009,0.007,17607,10031,209.6,3,,2026-04-30T00:00:00Z,1707560,0x8fb6936ae7f5ee15170825aad109c9939f89bcd9922aa16cb1fb73e034259881,87575801720520926599995631498808596136954873622850047826945249725973383283544,34769298589684763397144825542976363994160847794310451401738375064831859129287,Yes,No,4.35214
will-anthropic-provide-mythos-to-the-us-government-by-april-30-2026,"Will Anthropic provide Mythos to the US government by April 30, 2026?",other,2,has description; uses 'official',0.195,0.21,0.18,0.03,17199,19201,209.6,1,,2026-04-30T00:00:00Z,2008448,0xbeb0f6a30678fc03706bf563c2edbc6cb6f88877bfe77648184373c03e25e323,97323631179899365254608999804902176722413207396351905170913447124316617678395,89715107865804817695686210962064764787092309183657482063441348233549083278810,Yes,No,4.34398
joe-kent-charged-by-april-30,Joe Kent charged by April 30?,other,2,has description; uses 'official',0.022,0.024,0.02,0.004,17111,5280,209.6,1,,2026-04-30T00:00:00Z,1651588,0xc86c5273f31102ed867a2a3171acb80e45111a8c409dd61c03a3681dcc8eeb4e,77911935745558481716563745338589187491934507682283915358136317881828233842698,99993027862590291371535736773899758951396811197038697622370384156427874947734,Yes,No,4.34222
critical-discord-incident-by-april-30,Critical Discord Incident by April 30?,other,2,has description; uses 'official',0.165,0.18,0.15,0.03,17074,3169,209.6,1,,2026-04-30T00:00:00Z,1746632,0xc2da2caaecce5f9a0ca24133dceab27421e68a95a8c1fb7c656909e05cf749f4,8605471349161040870803226934310712900697960072257113905939628795978629011769,78029809117469069210145887289641482875098273730225002811618769330423517239144,Yes,No,4.34148
will-spacex-have-exactly-16-launches-in-april,Will SpaceX have exactly 16 launches in April?,other,2,has description; negRisk format,0.004,0.006,0.002,0.004,16457,3066,209.6,3,,2026-04-30T00:00:00Z,1707224,0x328d4deb2696a72d4acf38bd030df0012a199afdd21ed7e86337de1f0ccad63e,98598590326845159235037983626734150526938491541384032103770608148170257573969,72572597983558901947941206821708715911710562025109492678751098423044033399633,Yes,No,4.32914
us-evacuates-beirut-embassy-by-april-30,U.S. evacuates Beirut Embassy by April 30?,other,2,has description; uses 'official',0.0085,0.012,0.005,0.007,15859,8757,209.6,1,,2026-04-30T00:00:00Z,1707324,0x2fdc9378687811c1d2cea4a34b7fde554fae02eed16f21ee54fd1a5abdc99c11,60784714861549841542915815972657659375112616313264807188054172675310454230168,39083788455093609599636773401898597614043265475072228808837297605098922712804,Yes,No,4.3171800000000005
pakistan-x-afghanistan-ceasefire-by-april-30,Pakistan x Afghanistan ceasefire by April 30?,other,2,has description; uses 'official',0.24,0.25,0.23,0.02,15584,17488,209.6,1,,2026-04-30T00:00:00Z,1796268,0x277de6ef2ebb912f62b2f80976ef22beee198096b035be0afd8d572b52ccdca0,107300965795443276746845044168031876046021325118046707840768210688896393432926,1556243624895041357918643798258259801390318325189269580504710931859437775452,Yes,No,4.31168
will-drake-officially-release-iceman-by-may-31-2026,"Will Drake officially release Iceman by May 31, 2026?",other,2,has description; uses 'official',0.83,0.84,0.82,0.02,15265,5976,209.6,2,,2026-04-30T00:00:00Z,1909608,0x9b2492bc9651044a3ef44aec558b6530b42e1de27a8290e0b09a9d4383e38f5f,70252343275682720249295842588216084666586765517120390647153671914264833176993,11879725959509431825819859018577036127792306561865738150429413789819231313392,Yes,No,4.3053
will-claude-go-down-12-times-in-april,Will Claude go down 12+ times in April?,other,2,has description; negRisk format,0.84,0.85,0.83,0.02,15211,3614,209.6,1,,2026-04-30T00:00:00Z,1696311,0x996fa73f28b71dc3b8395b0e7b370e485d0b5e53897408a5457f6eba67c37fd8,32900894273868345969956383449944066181769466822792093015927960932717247208298,30720415602148842636619178712243490707567102067022659550226253954564415459432,Yes,No,4.30422
will-hong-kong-have-less-than-130mm-of-precipitation-in-april,Will Hong Kong have less than 130mm of precipitation in April?,other,2,has description; negRisk format,0.235,0.25,0.22,0.03,14816,2108,209.6,1,,2026-04-30T00:00:00Z,1706968,0x36a3677ebcd81bda6278fb1db323b1d366feffaacd3c00f1fbdf2ab20d69971e,98906062461510535586631381531077085231989661123259004829185140185577608818147,49450174885174993934224640542155260149878605860285530906618318790024342895781,Yes,No,4.29632
ukraine-hits-moscow-by-april-30-2026,"Ukraine hits Moscow by April 30, 2026?",other,2,has description; uses 'official',0.055,0.06,0.05,0.01,13830,22988,209.6,1,,2026-04-30T00:00:00Z,1704745,0x1d141d79bfb7ec1d19b88ff144f1b5410a40618e052e4073f1b143cb5a341aff,32817312320195633766908891352179246093417055388775892454832967417691271881243,37732652516569823155957201138904199314924981575653201844684773692466118816490,Yes,No,4.2766
will-a-us-anti-cartel-operation-outside-of-the-united-states-occur-by-june-30-2026-196,"Will a U.S. anti-cartel operation outside of the United States occur by June 30, 2026?",other,2,has description; uses 'official',0.375,0.39,0.36,0.03,13694,19422,209.6,2,,2026-04-30T00:00:00Z,1609209,0x4f21610e58bba3a65e0f76c0446c5769d1f904600ddacee9664d4cf9e5242f20,47662354638444512780397519563269480004178306288150935654675495626441167086673,64824057867715301726950543847133923753074679371224445911770747215609641058205,Yes,No,4.27388
will-nyc-have-between-4-and-5-inches-of-precipitation-in-april,Will NYC have between 4 and 5 inches of precipitation in April?,other,2,has description; negRisk format,0.0245,0.039,0.01,0.029,13151,1442,209.6,3,,2026-04-30T00:00:00Z,1706750,0x4e29139049fee7f3987185989a65210e77370adedcbd3e07c0de1da0f5354da6,38679765460776857702389947054377992633599597542595771560869429379299521731835,105656987984677964230731072321424231536235516751704140113736195118968068721879,Yes,No,4.26302
us-bank-failure-by-april-30,US bank failure by April 30?,other,2,has description; uses 'official',0.06,0.07,0.05,0.02,12302,4395,209.6,1,,2026-04-30T00:00:00Z,1696370,0xa4445072db8e3d2a0511ec2efda330560747ded4db4855b6ab13b2e94a6b4bc0,64437455657153465506386077346002709093658555555570051467491493051672843312710,58810786777321513363846414454861640178757050190343488335593487513532279799315,Yes,No,4.24604
x-money-released-by-april-30-2026,"X Money released by April 30, 2026?",other,2,has description; uses 'official',0.14,0.15,0.13,0.02,10853,5162,209.6,1,,2026-04-30T00:00:00Z,1554859,0x433277445e4cf137ad03a46341d1ac2ae2036a8161be0e20728d5e5eb6b46ef5,42493321689621099360906737914162113488882753883876585200537586713449043363370,10904212502115927986641394106192588542911539939134687903455628100114822547426,Yes,No,4.21706
another-iranian-diplomat-expelled-by-april-30,Another Iranian diplomat expelled by April 30?,other,2,has description; uses 'official',0.055,0.06,0.05,0.01,10049,23067,209.6,1,,2026-04-30T00:00:00Z,1896356,0xf27794e12b7d1ee3055a2d3f969b8c70d8ea4de0edb7d0516df67f05178e4617,28816438162011704777016218721572815442111730637943494622003941316419021062180,67106292970884535881327556463380421579490566729298412232969326963415494928342,Yes,No,4.20098
will-casey-putsch-win-the-2026-ohio-governor-republican-primary-election,Will Casey Putsch win the 2026 Ohio Governor Republican primary election?,politics_macro,3,has description; uses 'official'; negRisk format,0.0175,0.018,0.017,0.001,827521,22279,329.6,3,,2026-05-05T00:00:00Z,836184,0x34fcbccbeaf57becfe5b45c9e1713876e288eb2c8d0f32d57d0c078cea92b6e0,71181096784302092394063422390973062576740476218119599422877294224969641644028,113549958014357773928198459571755120010952176685034047744881394980327733041629,Yes,No,11.0
will-the-fed-decide-differently-in-the-next-three-decisions-janmarapr,Will the Fed decide differently in the next three decisions (Jan–Mar–Apr)?,politics_macro,3,has description; uses 'official'; negRisk format,0.0035,0.004,0.003,0.001,278341,36090,185.6,3,,2026-04-29T00:00:00Z,950069,0x951fda6a6baf97f16d903534095b84dfb20ea35cdd9a35e6854f18f47d6ec69a,87110780312285474621239667044237697542604250455560114346256685967576937445146,15438042209178408779708728106543904572946743482804582736282559229100692250203,Yes,No,11.0
will-the-fed-pausepausecut-in-the-next-three-decisions-janmarapr,Will the Fed Pause–Pause–Cut in the next three decisions (Jan–Mar–Apr)?,politics_macro,3,has description; uses 'official'; negRisk format,0.005,0.006,0.004,0.002,239119,35212,185.6,3,,2026-04-29T00:00:00Z,950066,0x337f46c571cdf4b891a7faed065a053fcf012481189a7dd7ebad20777e05a4a1,10415913868318940315056545475025000113944334708667621467297483848757215733077,71371411947539101450189598022677194035541998156920012209149395779093212665686,Yes,No,10.78238
will-the-bank-of-brazil-increase-the-selic-rate-after-april-2026-meeting,Will the Bank of Brazil increase the Selic rate after April 2026 meeting?,politics_macro,3,has description; uses 'official'; negRisk format,0.0035,0.005,0.002,0.003,162422,13175,161.6,3,,2026-04-28T00:00:00Z,1288108,0x42f54363694f82ef6e4de7831203dfd4b1cbd84d6dfdb6fa43496d0437f96304,108148467691718120599174458857120531472613262508909140491064019334982518602170,5142995875706954663752746871512163313683716603289381030654403043571284491864,Yes,No,9.24844
will-vivek-ramaswamy-win-the-2026-ohio-governor-republican-primary-election,Will Vivek Ramaswamy win the 2026 Ohio Governor Republican primary election?,politics_macro,3,has description; uses 'official'; negRisk format,0.9795,0.983,0.976,0.007,147179,17594,329.6,3,,2026-05-05T00:00:00Z,836181,0x939bf902c7ba884c1310f19b6be20576f823952460f6367c9f10c08cd449ee60,65810859655309582755212062067531852611317794995696970354178242698607334730489,34875670210661622095771811331537935819082439809730959869100318801849752822457,Yes,No,8.94358
will-the-fed-pausepausepause-in-the-next-three-decisions-janmarapr,Will the Fed Pause–Pause–Pause in the next three decisions (Jan–Mar–Apr)?,politics_macro,3,has description; uses 'official'; negRisk format,0.9925,0.993,0.992,0.001,100632,59265,185.6,3,,2026-04-29T00:00:00Z,950065,0x0248586d93eca782dc023e24a8948575ac27db8ba249b28cf0a101e3c4263aa9,16042859044780012804816840450444593720854461689005086575762527090810418991767,16399827552191481469151970984792450070205457988356233888658988992558054518537,Yes,No,8.012640000000001
will-the-bank-of-russia-increase-the-key-rate-after-the-april-meeting,Will the Bank of Russia increase the key rate after the April Meeting?,politics_macro,3,has description; uses 'official'; negRisk format,0.0015,0.002,0.001,0.001,77281,10720,65.6,3,,2026-04-24T00:00:00Z,1374116,0xfcd5f8607f103a97a2637d6937e41110fdb95867190220309f8da8902f60f5b2,88618651249162421795834115013415006319298983640409549756997469402341768845527,28088369778092330687857688121336488684164514893432385203267127806088461075424,Yes,No,7.5456199999999995
will-the-bank-of-brazil-decrease-the-selic-rate-after-april-2026-meeting,Will the Bank of Brazil decrease the Selic rate after April 2026 meeting?,politics_macro,3,has description; uses 'official'; negRisk format,0.952,0.954,0.95,0.004,75574,8265,161.6,3,,2026-04-28T00:00:00Z,1288110,0x1f351a6877d34ff9fc78dbd39b9461436cdd09d13fa52f3c89c252e686482ae0,32387070841488862771988399119619552884640811056631530063832512384049587666746,79957704124723697316625163451078245944505453348805070372007324387416290953246,Yes,No,7.51148
no-change-in-the-selic-rate-after-bank-of-brazils-april-2026-meeting,No change in the Selic rate after Bank of Brazil’s April 2026 meeting?,politics_macro,3,has description; uses 'official'; negRisk format,0.0465,0.052,0.041,0.011,70634,9574,161.6,3,,2026-04-28T00:00:00Z,1288109,0xa144a1162c2b8cb1291201809b0873a68cd8b9133e881aae249da8cbf8830920,35295019390542071027650224252005981132304957937153561665694287557691487694368,76784091621918015178295183890063337148104191094379838384596454521996111051095,Yes,No,7.41268
will-the-bank-of-russia-decrease-the-key-rate-after-the-april-meeting,Will the Bank of Russia decrease the key rate after the April Meeting?,politics_macro,3,has description; uses 'official'; negRisk format,0.959,0.966,0.952,0.014,62941,9916,65.6,3,,2026-04-24T00:00:00Z,1374114,0x1448b6fb6823233b69a6f1226bddb952542c794059f94b720b30ae36fe702c28,85596394896988908558111777094435117987557926142095531642537857557648402142217,109416215701874724572970591078185080594210402515846264276846700204296448607433,Yes,No,7.25882
will-the-bank-of-russia-make-no-change-to-the-key-rate-after-the-april-meeting,Will the Bank of Russia make no change to the key rate after the April Meeting?,politics_macro,3,has description; uses 'official'; negRisk format,0.0395,0.046,0.033,0.013,35970,12406,65.6,3,,2026-04-24T00:00:00Z,1374115,0xd8bf450eca48e2649bc0945b71e449f2c80cd893d56208f31fed7a8687afadad,109754799755308215690764253500224025776131327059842573288809906153913210631568,80394013452792259291051750330399790860725848810323708551437931406349144208041,Yes,No,6.7194
will-philip-funderburg-win-the-2026-ohio-governor-republican-primary-election,Will Philip Funderburg win the 2026 Ohio Governor Republican primary election?,politics_macro,3,has description; uses 'official'; negRisk format,0.0015,0.002,0.001,0.001,24715,23817,329.6,3,,2026-05-05T00:00:00Z,836182,0x7433cd21e4cffecc7dd39ffaa082c9af7af8b78b3366895cbaddcc639f78dea7,46535784882308417217460745833408401825750554929712447064492853745758539828115,21566705362801519538160310177701912319783387266064152488737268221509936991072,Yes,No,6.4943
will-the-peoples-bank-of-china-increase-rates-in-april,Will the People's Bank of China increase rates in April?,politics_macro,3,has description; uses 'official'; negRisk format,0.006,0.007,0.005,0.002,19790,8754,209.6,2,,2026-04-30T00:00:00Z,1795862,0xe566a096b545e9e1ac3f2c96e3fe5b03153ec4c1e0803cada1890d78fafd01f0,94577929932976392012137147426261086892074221473527314140434952288659793571261,49078075585524772940660927821030326779229771371621044108487207950455497047088,Yes,No,6.3958
will-four-or-more-people-dissent-the-april-fed-decision,Will four or more people dissent the April Fed decision?,politics_macro,3,has description; uses 'official'; negRisk format,0.004,0.005,0.003,0.002,19112,10029,185.6,2,,2026-04-29T00:00:00Z,1655332,0x0a56c2262bd104bca10387b9678fd154ce3111b5cc4de08f1feb728e911ce737,64060170405380113423871802640850581339168557000136873993749909543987818107906,35699518558143542033648728283773349845049401250390059214502436507902387034584,Yes,No,6.38224
will-the-reserve-bank-of-australia-increase-the-target-for-the-cash-rate-after-the-may-meeting,Will the Reserve Bank of Australia increase the target for the cash rate after the May Meeting?,politics_macro,3,has description; uses 'official'; negRisk format,0.68,0.7,0.66,0.04,17132,1665,329.6,1,,2026-05-05T00:00:00Z,1326428,0x2ed04f1752e07f0bc7eb940d869779080f51f989ff81e812a951401f525298a1,111807753213096256518709871027538472838125412768807075727254286733043220226062,110707929257357221236637867055430563830840159710810112323386655611440385013853,Yes,No,6.34264
will-jacob-chiara-win-the-2026-ohio-governor-democratic-primary-election,Will Jacob Chiara win the 2026 Ohio Governor Democratic primary election?,politics_macro,3,has description; uses 'official'; negRisk format,0.0095,0.01,0.009,0.001,13573,15434,329.6,1,,2026-05-05T00:00:00Z,826182,0x55c017b421567479a3c460ef48612867239c61aef035ff2069f2a667af758a59,107659784073209491709460226385482995633257333347304027886427863175558559751238,74617413727641580582280770551467702546261273870089364562355947852051130765794,Yes,No,6.27146
will-the-peoples-bank-of-china-not-change-rates-in-april,Will the People's Bank of China not change rates in April?,politics_macro,3,has description; uses 'official'; negRisk format,0.9895,0.99,0.989,0.001,12387,15522,209.6,2,,2026-04-30T00:00:00Z,1795863,0x3606a99e50c94b7aaf3d3ea3f5d9ef92f5a88c484ef966f83d66711aa62abed2,1749661849278351610510687584392575895531003787510565118070259836127297448316,55800411061901757414056839151799485485241933712180840035158067481576743758601,Yes,No,6.24774
will-the-senate-pass-the-save-america-act-hr-7296,Will the Senate pass the SAVE America Act (H.R. 7296)?,politics_macro,2,has description; uses 'official',0.0165,0.021,0.012,0.009,44152,55030,209.6,1,,2026-04-30T00:00:00Z,1577146,0xc942d7049a9487c1fe5481c41e7014855fb7df7e69af2d5a7ea18af2d4c2052c,2904827720939499162109413824004373252282824205641635679092215091010090023736,81885420534009294840392916083646239649666111793371742700087443805340317069604,Yes,No,4.88304
abbas-araghchi-out-as-minister-of-foreign-affairs-of-iran-by-april-30-2026,"Abbas Araghchi out as Minister of Foreign Affairs of Iran by April 30, 2026?",politics_macro,2,has description; uses 'official',0.0395,0.049,0.03,0.019,27473,12182,209.6,1,,2026-04-30T00:00:00Z,1721890,0x82114f9f05c4cffee7ea17db47367339620aa7b59d3e321f4613471c74ac860f,76345845714848762927338474479225565877842645986476644645857404580681700382176,89303457235590039235250126349529637424773807224965385377895808982746194548500,Yes,No,4.54946
congress-passes-iran-war-powers-resolution-by-april-30,Congress passes Iran war powers resolution by April 30?,politics_macro,2,has description; uses 'official',0.0275,0.028,0.027,0.001,17743,15209,209.6,1,,2026-04-30T00:00:00Z,1707527,0xcdb852f150cda6dec55b2267bb6780b4fe6d35198ab7331cbed654f800d29f20,28367192691636319562381145459342743546653390298441015597595509869973756208410,50074712687210089303766374635089034449730379967004826824509635573484071081560,Yes,No,4.35486
will-pam-bondi-be-held-in-contempt-of-congress-by-april-30,Will Pam Bondi be held in contempt of Congress by April 30?,politics_macro,2,has description; uses 'official',0.0325,0.035,0.03,0.005,15698,6071,209.6,1,,2026-04-30T00:00:00Z,1922227,0xbfc1a3326c705a1dd4abf7ade1f5093292231dd9bb0d8a791e6051af8883f21f,17055735789110415160663726435495172595325410966713429142063250515337375166279,22307528801259433841363837018749507650690332264774209912581605948853615416399,Yes,No,4.31396
steve-bannon-exonerated-by-april-30,Steve Bannon exonerated by April 30?,politics_macro,2,has description; uses 'official',0.125,0.13,0.12,0.01,15032,18138,209.6,1,,2026-04-30T00:00:00Z,1895127,0xa82c5593dd142f3781232ec912036e92274ae5cb8c540ce643778ac20f36b420,43765188670590854475607685963659509297114828172797658270559366928968897267859,98800034802582172781740650523624651431600042303881135375833671563984338113864,Yes,No,4.30064
mlb-tor-laa-2026-04-20,Toronto Blue Jays vs. Los Angeles Angels,sports,4,has resolution URL; has description; uses 'official',0.9995,1.0,0.999,0.001,778080,745333,163.2,1,https://www.mlb.com/,2026-04-28T01:38:00Z,1980469,0x1c4c0ceef8e1fc3d5456747ffcfeeec5aa8212261cdb39167f56f99114dfc5db,11349588675924787595543391898627552577068458140959820433550645169161024512740,26463504003200773479111218892803874365132752229737591857312895382975419218340,Toronto Blue Jays,Los Angeles Angels,13.0
ufc-jaf-luc10-2026-04-25,"UFC Fight Night: Jafel Filho vs. Lucas Rocha (Flyweight, Prelims)",sports,4,has resolution URL; has description; uses 'official',0.505,0.51,0.5,0.01,175856,87763,117.6,1,https://www.ufc.com/events,2026-04-26T03:59:59.999Z,1867224,0x585506f7dba8b7c35b5e397c5f9e94a8d9068ad80678818107633c6e2756c83c,93325080375325578845737681896388237210759151251054157949759811392063796512188,98306459254465837592126378315400180847552349619971555699552520208507122927471,Jafel Filho,Lucas Rocha,11.51712
ucl-psg1-bay1-2026-04-28-bay1,Will FC Bayern München win on 2026-04-28?,sports,5,has resolution URL; has description; uses 'official'; negRisk format,0.345,0.35,0.34,0.01,74002,681972,180.6,3,https://www.uefa.com/,2026-04-28T19:00:00Z,2000789,0xe615cb213bb989ec21df153f65e12d1ad9684dfb5864463a6acfab750830beeb,70443776978586166753037904611704382838530291548585914657027146388292373987088,63226464884689819537581943412129054500971928937312073473754558656962813428209,Yes,No,11.48004
ucl-psg1-bay1-2026-04-28-psg1,Will Paris Saint-Germain FC win on 2026-04-28?,sports,5,has resolution URL; has description; uses 'official'; negRisk format,0.425,0.43,0.42,0.01,28314,625932,180.6,3,https://www.uefa.com/,2026-04-28T19:00:00Z,2000787,0x0ca314b56e859f745ef043eb3bdea8cef9005b0c78dabbbccd0feaffa1e758f8,56298843173176165286659806487260545841523516277139567496842895494478628197975,14510536760629865520632148598972156588664986183855035091641812722969902580648,Yes,No,10.56628
ucl-psg1-bay1-2026-04-28-draw,Will Paris Saint-Germain FC vs. FC Bayern München end in a draw?,sports,5,has resolution URL; has description; uses 'official'; negRisk format,0.245,0.25,0.24,0.01,26685,603153,180.6,3,https://www.uefa.com/,2026-04-28T19:00:00Z,2000788,0xad91a1ae0dd67bfc9e0313e42afe1d0321b25ec55ffa6555f611e17f2aa60bc0,36371571444134481166552404550536429128696778658073601221281708002065942583810,75478518930645113753780340794780258229429911822516871936747985696755390423636,Yes,No,10.5337
atp-dougaz-jubb-2026-04-21,Abidjan: Aziz Dougaz vs Paul Jubb,sports,4,has resolution URL; has description; uses 'official',0.45,0.469,0.431,0.038,122817,5292,171.6,1,https://www.atptour.com/en/scores/current,2026-04-28T10:00:00Z,2019098,0x6ee0227011592f18cd416db2aae3a885f640e8748971045c5b799bdd645d271d,78126294657830465292705551484003911761609647124966498551768598664242427566240,100244156588621719717625544879240232115218037062024940446452806918891585635672,Aziz Dougaz,Paul Jubb,10.45634
epl-wol-tot-2026-04-25-tot,Will Tottenham Hotspur FC win on 2026-04-25?,sports,5,has resolution URL; has description; uses 'official'; negRisk format,0.565,0.57,0.56,0.01,22148,571325,103.6,1,https://www.premierleague.com/,2026-04-25T14:00:00Z,1953335,0x2ac4b4c0c83f0d0d596ae640dd3da9a351b69c4a2e8c545b601bc5033d754845,54125107892545123841204333440511821829064165907868033990466794896038356063851,24423055742415196852733934437359757754490352186733902267399191445710476745453,Yes,No,10.44296
ucl-atm1-ars-2026-04-29-atm1,Will Club Atlético de Madrid win on 2026-04-29?,sports,5,has resolution URL; has description; uses 'official'; negRisk format,0.335,0.34,0.33,0.01,14966,580333,204.6,1,https://www.uefa.com/,2026-04-29T19:00:00Z,2000795,0x933bac1d1ddc51c14313577e07b7796e258e12ab244f4334dc777a2558c78b58,5402670567066751822273946599754875950735802364303000292656953516212515976521,92706995317794844477376639847611151197946105662065144366990629627859729787846,Yes,No,10.29932
atp-giunta-fenty-2026-04-21,Abidjan: Massimo Giunta vs Andrew Fenty,sports,4,has resolution URL; has description; uses 'official',0.645,0.65,0.64,0.01,106203,19694,171.6,1,https://www.atptour.com/en/scores/current,2026-04-28T10:00:00Z,2019070,0x88142152c5269f9a907cb5d22cee8cc38687c4a7fa4b6bff3befa7bf3043d7b7,110362911174687483709231989172346450174673559901583023974393284427651622287818,16125886247511243783488743572055712959847671573091799504292328182148942438476,Massimo Giunta,Andrew Fenty,10.12406
atp-fomin-orlov-2026-04-21,Shymkent: Sergey Fomin vs Vladyslav Orlov,sports,4,has resolution URL; has description; uses 'official',0.545,0.55,0.54,0.01,85866,27817,166.6,1,https://www.atptour.com/en/scores/current,2026-04-28T05:00:00Z,2034574,0x0c9587eec32db8995338024a90c8a8aaa599c4964a48f0af1e9f7032c8e864f2,40407738025341510055486157655754135372668064393450707533154673876753340990024,48236260656605275712564701214045514875589318337233173330650878955058672216161,Sergey Fomin,Vladyslav Orlov,9.71732
atp-shimabu-park-2026-04-19,Gwangju: Sho Shimabukuro vs Ui-Sung Park,sports,4,has resolution URL; has description; uses 'official',0.885,0.89,0.88,0.01,80981,34512,138.6,1,https://www.atptour.com/en/scores/current,2026-04-27T01:00:00Z,2015068,0xa012dac2f0f2abf5d7a79d1b4716554d1dec71b717cbf4e501892e414ab56a0f,23139376048992778787563175175660007200914091524965629934537798017660054593657,43817309077637585466665100485916692623002013197651019235600543072675141108093,Sho Shimabukuro,Ui-Sung Park,9.61962
atp-sharipo-riedi-2026-04-21,Gwangju: Marat Sharipov vs Leandro Riedi,sports,4,has resolution URL; has description; uses 'official',0.515,0.52,0.51,0.01,62310,42149,166.6,1,https://www.atptour.com/en/scores/current,2026-04-28T05:00:00Z,2034484,0x6af7b848437632e8d5a5ba83a03202e01cdb6c46a2412bd59ccc666975973220,8394810520671809429951849126458424038322813816367357823326868999933718517744,2983690551685048972764370280094141918860138096412812565299698429891097847734,Marat Sharipov,Leandro Riedi,9.2462
us-iran-nuclear-deal-by-april-30,US-Iran nuclear deal by April 30?,sports,2,has description; uses 'official',0.406,0.41,0.402,0.008,1786060,39102,209.6,1,,2026-04-30T00:00:00Z,1543487,0xd08544f6162283dc8d0a82f16362aab837a8537379df9bbe604960eec9cd4618,112492422223721833247811647742275675824808408889541609334054707084262154976006,63111054483017727612527014142487261417181554883649541604828011046058146540352,Yes,No,9.0
atp-sweeny-tunglin-2026-04-21,Gwangju: Dane Sweeny vs Tung-Lin Wu,sports,4,has resolution URL; has description; uses 'official',0.685,0.69,0.68,0.01,49494,69246,166.6,1,https://www.atptour.com/en/scores/current,2026-04-28T05:00:00Z,2034479,0x5137ce5710fc685d9a253ff72a565c7616a3913cf99d750affe52e195f7a50ed,72498043447007313142943622875047279457778669371508957941401581712654890248913,65680098152084293658848272491432720568610197416440100950040042160446660571154,Dane Sweeny,Tung-Lin Wu,8.98988
atp-shimizu-uchiyam-2026-04-20,Gwangju: Yuta Shimizu vs Yasutaka Uchiyama,sports,4,has resolution URL; has description; uses 'official',0.9995,1.0,0.999,0.001,47217,239557,163.6,1,https://www.atptour.com/en/scores/current,2026-04-28T02:00:00Z,2034476,0xf5ae646cba84bad7850cbc75056a1dfd3ae262920098996996a254bb5359c8bc,45980160793934573322860923023246067460204398886195959457538329069641945833147,76050413039409784531540416388082655015146683494137943173985691140405411921839,Yuta Shimizu,Yasutaka Uchiyama,8.94434
atp-kotov-kukushk-2026-04-19,Gwangju: Pavel Kotov vs Mikhail Kukushkin,sports,4,has resolution URL; has description; uses 'official',0.835,0.84,0.83,0.01,33453,30845,138.6,1,https://www.atptour.com/en/scores/current,2026-04-27T01:00:00Z,2015099,0xd8522ac103da51d108f63a460a7de80386ae5b431a90853e4c59a96ee493f799,4198838464712245111778705197947026042197163394730956826900657046538006657738,30152947653737652706311699541860509721759992129612612129972853870496704763441,Pavel Kotov,Mikhail Kukushkin,8.66906
atp-mccabe-uchida-2026-04-19,Gwangju: James McCabe vs Kaichi Uchida,sports,4,has resolution URL; has description; uses 'official',0.9995,1.0,0.999,0.001,30833,325211,138.6,1,https://www.atptour.com/en/scores/current,2026-04-27T01:00:00Z,2015083,0x45a91001711415fe8602e2592968bdb918427ea804bd92be4720df7e8f935919,61694057813482594287572927632851761296264124771827183586798369950928145258182,27738366062524673098974477340200972269261969765236016360292439410118593513145,James McCabe,Kaichi Uchida,8.61666
atp-ostapen-pieri-2026-04-21,Shymkent: Daniil Ostapenkov vs Samuele Pieri,sports,4,has resolution URL; has description; uses 'official',0.845,0.85,0.84,0.01,30766,26987,166.6,1,https://www.atptour.com/en/scores/current,2026-04-28T05:00:00Z,2034554,0xaf96d6a44a43c54cda373b4dd72f68bf0f6a85608a23f6e225d081bdb3ebf83c,83828265727617770578912411297794812755159857092296773112273925178922293598457,83569356035293709930979396695671927279424384168673182322993187770495549415528,Daniil Ostapenkov,Samuele Pieri,8.61532
atp-albot-omarkha-2026-04-20,Shymkent: Radu Albot vs Amir Omarkhanov,sports,4,has resolution URL; has description; uses 'official',0.8275,0.836,0.819,0.017,30458,11167,142.6,1,https://www.atptour.com/en/scores/current,2026-04-27T05:00:00Z,2017330,0x7b7c42028af1964524968262fcdb9df96833c9fda5eb9024b00134503f420743,29186063654373762183807285600928091722825268470851981223957920901150811982238,17018226953788146879567403775896520266642521602353299870480778450579282184590,Radu Albot,Amir Omarkhanov,8.60916
atp-trungel-aguilar-2026-04-21,"Madrid Open, Qualification: Marco Trungelliti vs Daniel Merida Aguilar",sports,4,has resolution URL; has description; uses 'official',0.435,0.44,0.43,0.01,25250,81271,170.6,1,https://www.atptour.com/en/scores/current,2026-04-28T09:00:00Z,2034594,0x2b0eaf8bfb958578b4c41d2da20336efa87b9cc833d363d869fba032400dfd79,55417287310758073354417624167769148119435885367446541865074835705572327043265,114016747966403303369007010802863764501394874505690529683838979881444485652462,Marco Trungelliti,Daniel Merida Aguilar,8.505
atp-broady-zhukaye-2026-04-20,Gwangju: Liam Broady vs Beibit Zhukayev,sports,4,has resolution URL; has description; uses 'official',0.9995,1.0,0.999,0.001,25238,223662,165.1,1,https://www.atptour.com/en/scores/current,2026-04-28T03:30:00Z,2034498,0x662ec3b3159ea3a783d2f76a8daecfc7e03a6559357ced52192d32ef5193d576,49677954481786233102387204948734200999596873701202665093276334078456684398125,8082635193710740913166864374387718459155395998193465147979302547712878336755,Liam Broady,Beibit Zhukayev,8.50476
mlb-mil-det-2026-04-21,Milwaukee Brewers vs. Detroit Tigers,sports,4,has resolution URL; has description; uses 'official',0.495,0.5,0.49,0.01,23089,421841,184.3,1,https://www.mlb.com/,2026-04-28T22:40:00Z,1991468,0xef4c89ccc971304dd4fd623d87dff1dc1c932cb6ec7685660f6c63fb9d942309,2090758837659722307400682989367462784904572958425298623378361642526318328686,109480316054573390486889717620086143441553050599145325806782417034924134752293,Milwaukee Brewers,Detroit Tigers,8.46178
atp-chazal-hurrion-2026-04-21,Abidjan: Maxime Chazal vs Millen Hurrion,sports,4,has resolution URL; has description; uses 'official',0.495,0.5,0.49,0.01,21089,75268,171.6,1,https://www.atptour.com/en/scores/current,2026-04-28T10:00:00Z,2019087,0xc91f10c6831227d85bd869aa5c86bcc9e85d30824c0ef78ed9dd1994648e7259,14685577990738119402033333970418211392737012827765783735841345699679198897605,59369866406088027862090422984710289846527848150254904244584205660050614627077,Maxime Chazal,Millen Hurrion,8.42178
wta-gibson-arango-2026-04-21,Madrid Open: Talia Gibson vs Emiliana Arango,sports,4,has resolution URL; has description; uses 'official',0.505,0.51,0.5,0.01,19751,54829,170.6,1,https://www.wtatennis.com/scores,2026-04-28T09:00:00Z,2026545,0x4ea043dea8df35740ebbf0a728d2720ec148315871e025d12e0272095446d3e9,22002341669434662579946273885962360829606916115084590569847106565973827682320,83226027601177879260502177212840382292686030735340316960383929944213346738790,Talia Gibson,Emiliana Arango,8.39502
ufc-alj-you-2026-04-25,"UFC Fight Night: Aljamain Sterling vs. Youssef Zalal (Featherweight, Main Card)",sports,4,has resolution URL; has description; uses 'official',0.415,0.42,0.41,0.01,19064,33143,117.6,1,https://www.ufc.com/events,2026-04-26T03:59:59.999Z,1867029,0xfdb45395c827f1205a77a0804967f49dfe2c2ea42363900552893fb6dff5c631,29814387176606173199776437534872391447281501877982703614660693579173818638911,91709587934463654285881828600355446781691844257287431175684370515944123233130,Aljamain Sterling,Youssef Zalal,8.38128
mlb-nyy-bos-2026-04-21,New York Yankees vs. Boston Red Sox,sports,4,has resolution URL; has description; uses 'official',0.515,0.52,0.51,0.01,18070,432108,184.3,1,https://www.mlb.com/,2026-04-28T22:45:00Z,1991475,0x51aea6a28a5e2cc78e3f502eced9912086d71c1be1c4f5e86ded783e9c610397,109140817480399527663873872751699167918097608788629581971077518293330164784829,102905808399206126261468716180965787023274325589311862155803730800866637872568,New York Yankees,Boston Red Sox,8.3614
atp-mmoh-roncade-2026-04-20,Savannah: Michael Mmoh vs Franco Roncadelli,sports,4,has resolution URL; has description; uses 'official',0.825,0.83,0.82,0.01,16782,46502,151.6,1,https://www.atptour.com/en/scores/current,2026-04-27T14:00:00Z,2021867,0x1d87c0559c25a807c8a33751c0f74576eaea6eae2360a2b77fa4f902880976e3,55163269063198850338709554180088140195827804456913219434808462162117223421008,6971079196072330175749559808310982530362807410762515470916850648590213098688,Michael Mmoh,Franco Roncadelli,8.33564
ufc-jos13-nor1-2026-04-25,"UFC Fight Night: Joselyne Edwards vs. Norma Dumont (Women's Bantamweight, Main Card)",sports,4,has resolution URL; has description; uses 'official',0.315,0.32,0.31,0.01,16614,33500,117.6,1,https://www.ufc.com/events,2026-04-26T03:59:59.999Z,1867096,0x8903a146f2dbd9cd5fb5933163e906348e6415a572027d1b6168693cd60561b2,49350280670635757834536391928627117515972451316356159667171422810067521016742,5971989116403303785803177255739962114226397150049746853893226970736661812188,Joselyne Edwards,Norma Dumont,8.33228
ufc-rao-mon1-2026-04-25,"UFC Fight Night: Raoni Barcelos vs. Montel Jackson (Bantamweight, Main Card)",sports,4,has resolution URL; has description; uses 'official',0.395,0.4,0.39,0.01,14737,15613,117.6,1,https://www.ufc.com/events,2026-04-26T03:59:59.999Z,1867160,0x7db1dccec21f9f44b1c951380054ab9cbb2378661e0fef19b84e41fbfd85e0f0,95165284209372322953643135483430232066639422231164491005010861402917884805469,583650422349040137331975526195644863516863801420456321484802545331816471486,Raoni Barcelos,Montel Jackson,8.294740000000001
mlb-phi-chc-2026-04-21,Philadelphia Phillies vs. Chicago Cubs,sports,4,has resolution URL; has description; uses 'official',0.475,0.48,0.47,0.01,13086,424393,185.3,1,https://www.mlb.com/,2026-04-28T23:40:00Z,1991482,0xe2b535c3bb13965c181284a29de57c976e60895bc0a020fe483a50f3bc573c39,60402516672619326036411422593168930438964206790830225872842491452729630163312,93082284356131058861432844931536559295527420141540453356434174533243899089396,Philadelphia Phillies,Chicago Cubs,8.26172
atp-marti-tabur-2026-04-20,Savannah: Andres Martin vs Clement Tabur,sports,4,has resolution URL; has description; uses 'official',0.225,0.23,0.22,0.01,12094,108609,151.6,1,https://www.atptour.com/en/scores/current,2026-04-27T14:00:00Z,2021856,0x3f2440009188f360afb834978f6eab4fd67b9cf2936c6fffabcac030d348dfbe,74856681278195523525910627652768762836035581009971088216101243214733283615053,18113552787346582345354267351443971227437375323180732374468070787083526724235,Andres Martin,Clement Tabur,8.24188
atp-neuchri-bennan-2026-04-21,Abidjan: Maximilian Neuchrist vs Karim Bennani,sports,4,has resolution URL; has description; uses 'official',0.355,0.36,0.35,0.01,11701,38366,171.6,1,https://www.atptour.com/en/scores/current,2026-04-28T10:00:00Z,2019089,0x8abfd9e9c1831eb7867ece2d52955eb42c2c39fe37c779f3a505c2a07b06f046,53006633929435888978357059519240910999142950852812930883999937741216408046619,97073484605762599554554871237794805186695311064793808853761275445388446945605,Maximilian Neuchrist,Karim Bennani,8.23402
wta-quevedo-william-2026-04-21,Madrid Open: Kaitlin Quevedo vs Venus Williams,sports,4,has resolution URL; has description; uses 'official',0.805,0.81,0.8,0.01,11397,79272,170.6,1,https://www.wtatennis.com/scores,2026-04-28T09:00:00Z,2026536,0x51007078c1f6dfb695aaedd6f2d251ca43ef117747d9525443fdae80953bc6a1,13288432242727479634666844208011028495630727365864365420769884733354854053946,37872776026039787325621902518872375136926915596192347341986294256209504042631,Kaitlin Quevedo,Venus Williams,8.22794
wta-stearns-boisson-2026-04-21,Madrid Open: Peyton Stearns vs Lois Boisson,sports,4,has resolution URL; has description; uses 'official',0.705,0.71,0.7,0.01,11025,87112,170.6,1,https://www.wtatennis.com/scores,2026-04-28T09:00:00Z,2026531,0x45a8d22dfc99f4304ed0616266663f77c1a0f5438c9a75ca00f7b2d637284800,11692310053923069798651854627955291354611434076889968465771681559354900240896,98139341224603598022021197242050750375623882718314353625065447158389451550458,Peyton Stearns,Lois Boisson,8.2205
atp-singh-alkaya-2026-04-21,Abidjan: Digvijaypratap Singh vs Mert Alkaya,sports,4,has resolution URL; has description; uses 'official',0.2,0.21,0.19,0.02,10560,53340,171.6,1,https://www.atptour.com/en/scores/current,2026-04-28T10:00:00Z,2019075,0xc417367f5bf29c7d055fdea40f20e2d140db194ceb11b37d263c7fabf8f5d4db,15151086848782095701332296372187623383959585887980140182599128250684312911906,72113068170664636825061920293616126819184426654840744152072927964632881749599,Digvijaypratap Singh,Mert Alkaya,8.2112
lol-lua-koia-2026-04-23,LoL: LUA Gaming vs ⁠Movistar KOI Fénix (BO3) - LES Regular Season,sports,4,has resolution URL; has description; uses 'official',0.045,0.05,0.04,0.01,10254,11893,62.6,1,https://gol.gg/esports/home,2026-04-23T21:00:00Z,2014489,0x06eccc2319fab1e1483be4472aa30ff07a12fbe82037cfee4d494b09e1fff1ec,62454496264396464116390861582885757405504800530544095665370603732080017746304,16921082350082066598352477110212203964329795853625487125397859224350227478263,LUA Gaming,⁠Movistar KOI Fénix,8.20508
will-nflx-dip-to-0-in-april,Will Netflix dip to $0 in April?,sports,3,has resolution URL; has description,0.0015,0.002,0.001,0.001,67282,7654,237.6,3,https://finance.yahoo.com/quote/NFLX/,2026-05-01T03:59:59.999Z,1542759,0xe74884dd088e60a4b18aef54df82c25971a0a4227dc4abb666dd1a1b6680344e,63651596185788796778858148645132240719225366817345592644462509516088006777301,16352426743587811642152083662930090424188868243192201836806975535636276628878,Yes,No,7.3456399999999995
nhl-playoffs-who-will-win-series-ducks-vs-oilers,NHL Playoffs: Who Will Win Series? - Ducks vs. Oilers ,sports,2,has description; uses 'official',0.215,0.22,0.21,0.01,133600,17479,305.6,1,,2026-05-04T00:00:00Z,2007393,0xe76c96f5e64b5306ff2831fcfc26bbc9e14f550d3084d8fcad75191e2061526a,2686447687145908248499907170197742001064373162138628402800958759894791520475,75992751405542999136298028516800081834111764331832136344747619711593252130583,Ducks,Oilers,6.672000000000001
nba-den-min-2026-04-23,Nuggets vs. Timberwolves,sports,3,has resolution URL; has description,0.525,0.53,0.52,0.01,30837,39359,67.1,1,https://www.nba.com/,2026-04-24T01:30:00Z,2006283,0x2df83525cd89a9849a4db78f744a4d6cdbd1ea4aaa15d23a3cd8d1fd9ecd6c5a,57106528408617960712661120298989744533630001901536908029350473621909037914989,39702598758933400781508763730883652639662767947497220910585474709790299716683,Nuggets,Timberwolves,6.61674
will-nflx-reach-455-in-april,Will Netflix reach $455 in April?,sports,3,has resolution URL; has description,0.0025,0.004,0.001,0.003,18940,7471,237.6,3,https://finance.yahoo.com/quote/NFLX/,2026-05-01T03:59:59.999Z,1542740,0x6d99c5ca2dcc7ce3c298f4deb49d62221788d4fd84df339c09671593aaed7937,51177311257511835867280939716731116059098282990881073668715776962270611796594,56305860714403984055346426945430607271730614807605575708870629746053953034555,Yes,No,6.3788
nba-cle-tor-2026-04-23,Cavaliers vs. Raptors,sports,3,has resolution URL; has description,0.575,0.59,0.56,0.03,18507,55312,65.6,1,https://www.nba.com/,2026-04-24T00:00:00Z,2006281,0x28a74cc81cf1abb87527febc0937e6e8b5095a8846975e5430f415af5298567a,25230274555184539481141006588566188470862733073231896983915544817773662870574,62346232475274108555301820390970040356502087762313878214484656726921973247989,Cavaliers,Raptors,6.37014
nba-lal-hou-2026-04-24,Lakers vs. Rockets,sports,3,has resolution URL; has description,0.25,0.26,0.24,0.02,15384,18732,89.6,1,https://www.nba.com/,2026-04-25T00:00:00Z,2012793,0x99e70457e21d76b219505ba2743bc87362a5bba2b478b536720e599418d5a7ae,80723115786902560093562209850109820656482936758561314212132210830217888670020,107793600296183640087234882966799319361195949492981078991430273990508566137204,Lakers,Rockets,6.30768
nba-playoffs-who-will-win-series-pistons-vs-magic,NBA Playoffs: Who Will Win Series? - Pistons vs. Magic ,sports,2,has description; uses 'official',0.67,0.68,0.66,0.02,112033,23838,305.6,1,,2026-05-04T00:00:00Z,2015747,0x7127add716af440fae349975b61acd9f9a5326728b6c2f5b9714c18e40892d7d,78414614195830455484802863479385778601711918059504485699938857609407526918827,60966706936776351177284962488579655961905730570708068194693559740827344473223,Pistons,Magic,6.24066
nhl-playoffs-who-will-win-series-hurricanes-vs-senators,NHL Playoffs: Who Will Win Series? - Hurricanes vs. Senators ,sports,2,has description; uses 'official',0.855,0.86,0.85,0.01,89149,80491,305.6,1,,2026-05-04T00:00:00Z,2007249,0x5d23c0cf3046d603c6aa2d19a728c309efe5ad456603db2ed4bc8a15d7f40201,111698298538501417686405486908334551402525329340298058758297995558462406676929,31632369524638324406174877428483642649912681979933125892469101881573989333725,Canes,Senators,5.78298
nba-playoffs-who-will-win-series-timberwolves-vs-nuggets,NBA Playoffs: Who Will Win Series? - Timberwolves vs. Nuggets ,sports,2,has description; uses 'official',0.355,0.36,0.35,0.01,64938,32834,305.6,1,,2026-05-04T00:00:00Z,2006701,0x1908755265275c7efff3a5f78371351ffbd9c53e6273d61dd79d2bf2747b7e66,14791164730304397930329665500108636211519267661851592775203526144323822412429,6892982020888177097695546916651194101383010846685058307462269043188726781431,Wolves,Nuggets,5.29876
nhl-playoffs-who-will-win-series-canadiens-vs-lightning,NHL Playoffs: Who Will Win Series? - Canadiens vs. Lightning ,sports,2,has description; uses 'official',0.485,0.49,0.48,0.01,48763,16056,305.6,1,,2026-05-04T00:00:00Z,2007268,0x41c3c7bf8412216091308ca8e2935a819cc1ecf585f7f14a359d3431949546db,73353722662342990289981001091515897144819058003177208867036611740530556987426,16867133451433068864617281085761272239210395619187146622985719936438723008805,Habs,Lightning,4.9752600000000005
nba-playoffs-who-will-win-series-lakers-vs-rockets,NBA Playoffs: Who Will Win Series? - Lakers vs. Rockets ,sports,2,has description; uses 'official',0.35,0.36,0.34,0.02,48729,21013,305.6,1,,2026-05-04T00:00:00Z,2006664,0x13b1bfb4d3d001814cc7c7dcecbd2de54befc1a33dc1e9b847dc96b0d66ca46d,59627938208114811211410429189473330569395235059786408798129579448983147524359,34185163075171266717384810571675781002557936326870177079041363861655763013503,Lakers,Rockets,4.97458
nhl-playoffs-who-will-win-series-sabres-vs-bruins,NHL Playoffs: Who Will Win Series? - Sabres vs. Bruins ,sports,2,has description; uses 'official',0.735,0.74,0.73,0.01,47843,25115,305.6,1,,2026-05-04T00:00:00Z,2007092,0xb184753e4d72152316f64038e50f0d0580cc546a7c2497e517c1e190e5b326bc,15752371063889081533937277158394086295125880039009443899975049019573268380508,109499044548604814774780836258399822328833889655297224857134473634796943830687,Sabres,Bruins,4.95686
nhl-playoffs-who-will-win-series-avalanche-vs-kings,NHL Playoffs: Who Will Win Series? - Avalanche vs. Kings ,sports,2,has description; uses 'official',0.88,0.89,0.87,0.02,32621,6440,305.6,1,,2026-05-04T00:00:00Z,2007409,0x00cd5f773aa7040a76af5c6d3b0ab3a412b369d0c0539661c96d03318ecc101f,77377686762840726225808148009427468741117362983876296678744468459067226979721,11382534772889157820372280269696914179940364064244699728901980248186176091614,Avalanche,Kings,4.65242
nhl-playoffs-who-will-win-series-wild-vs-stars,NHL Playoffs: Who Will Win Series? - Wild vs. Stars ,sports,2,has description; uses 'official',0.52,0.53,0.51,0.02,27665,24846,305.6,1,,2026-05-04T00:00:00Z,2007253,0x1a6f9fce14d84886cc433691b36e4efc0f1f13be6fa8b595c8189006b62d7e76,55941549212116674831001502285502659909877446037477547506097079683042115369796,58416855063893533318681899402675027402725695095755014258772719384062161189712,Wild,Stars,4.5533
nba-playoffs-who-will-win-series-76ers-vs-celtics,NBA Playoffs: Who Will Win Series? - 76ers vs. Celtics ,sports,2,has description; uses 'official',0.037,0.044,0.03,0.014,25242,33156,305.6,1,,2026-05-04T00:00:00Z,2006602,0xccc893327ba4b37052ef268df368e1fd6e71edd5c6b627cb77ebca76ce4604f4,38702487123904494984639627091339327400040957978179653269335539618306382322089,31460529587745334208994880064227485757770012553840956862068325742333338446443,76ers,Celtics,4.50484
nba-playoffs-who-will-win-series-knicks-vs-hawks,NBA Playoffs: Who Will Win Series? - Knicks vs. Hawks ,sports,2,has description; uses 'official',0.645,0.65,0.64,0.01,23372,17055,305.6,1,,2026-05-04T00:00:00Z,2006882,0x67ccacf25b776f702912ef37f567f640e8abd8891154d659b1c7c8b7ec90587c,47122800958169037729427237865229026632862423725820065018438778979190247314135,102760474296783165838101902919055464134388713422091723079202538734136985986619,Knicks,Hawks,4.46744
will-montreal-canadiens-advance-to-round-2-of-the-2026-nhl-playoffs,Will Montreal Canadiens advance to Round 2 of the 2026 NHL Playoffs?,sports,2,has description; uses 'official',0.5,0.51,0.49,0.02,23364,1306,329.6,3,,2026-05-05T00:00:00Z,1983809,0x1d8124d4649706081b969c8842bebb992ec7e5eadab248d95fbfb1ff62e00cb3,27855476949965446646757334964752343283059792340086854415191107098345766075797,45858967087409961612805889150729543555699172633732922652428163662100147269568,Yes,No,4.46728
nba-playoffs-who-will-win-series-spurs-vs-trail-blazers,NBA Playoffs: Who Will Win Series? - Spurs vs. Trail Blazers ,sports,2,has description; uses 'official',0.9685,0.976,0.961,0.015,21940,38781,305.6,1,,2026-05-04T00:00:00Z,2006890,0xecbedf137c4cbd3cc9aba906ebaf6d7eb9417f215d35167a5047d3be1ebdb7bf,64472638639648424617623640105958634108855826109323462361694860262183528502662,81635839417143800084729446196409751756108058115528538324875689287306090171031,Spurs,Blazers,4.4388
nba-playoffs-who-will-win-series-raptors-vs-cavaliers,NBA Playoffs: Who Will Win Series? - Raptors vs. Cavaliers ,sports,2,has description; uses 'official',0.04,0.05,0.03,0.02,21287,29780,305.6,1,,2026-05-04T00:00:00Z,2006980,0x832f4a1c8439fe079fd69dc03249d3bcddfb43e57ea25eefc5978d419ac39d15,22780900520260697820903646759465223369918215236526965085429207102119551276492,42024716621033914806491117545708025368439058934635969161950543428796810213870,Raptors,Cavs,4.42574
